<?xml version="1.0"?>
<ArrayOfTemplate xmlns:xsi="http://www.w3.org/2001/XMLSchema-instance" xmlns:xsd="http://www.w3.org/2001/XMLSchema">
  <Template>
    <name>filler</name>
    <contour>
      <array>
        <Complex>
          <a>-4</a>
          <b>-3</b>
        </Complex>
        <Complex>
          <a>-3</a>
          <b>-2</b>
        </Complex>
        <Complex>
          <a>-3</a>
          <b>-2</b>
        </Complex>
        <Complex>
          <a>-2</a>
          <b>-2</b>
        </Complex>
        <Complex>
          <a>-3</a>
          <b>-2</b>
        </Complex>
        <Complex>
          <a>-4</a>
          <b>-2</b>
        </Complex>
        <Complex>
          <a>-3</a>
          <b>-2</b>
        </Complex>
        <Complex>
          <a>0</a>
          <b>-2</b>
        </Complex>
        <Complex>
          <a>2</a>
          <b>-2</b>
        </Complex>
        <Complex>
          <a>2</a>
          <b>-2</b>
        </Complex>
        <Complex>
          <a>4</a>
          <b>-2</b>
        </Complex>
        <Complex>
          <a>2</a>
          <b>-2</b>
        </Complex>
        <Complex>
          <a>3</a>
          <b>-2</b>
        </Complex>
        <Complex>
          <a>2</a>
          <b>-2</b>
        </Complex>
        <Complex>
          <a>3</a>
          <b>-1</b>
        </Complex>
        <Complex>
          <a>4</a>
          <b>-3</b>
        </Complex>
        <Complex>
          <a>1</a>
          <b>2</b>
        </Complex>
        <Complex>
          <a>-1</a>
          <b>3</b>
        </Complex>
        <Complex>
          <a>-3</a>
          <b>2</b>
        </Complex>
        <Complex>
          <a>-3</a>
          <b>2</b>
        </Complex>
        <Complex>
          <a>-4</a>
          <b>3</b>
        </Complex>
        <Complex>
          <a>-3</a>
          <b>2</b>
        </Complex>
        <Complex>
          <a>-1</a>
          <b>3</b>
        </Complex>
        <Complex>
          <a>2</a>
          <b>3</b>
        </Complex>
        <Complex>
          <a>3</a>
          <b>2</b>
        </Complex>
        <Complex>
          <a>4</a>
          <b>2</b>
        </Complex>
        <Complex>
          <a>3</a>
          <b>2</b>
        </Complex>
        <Complex>
          <a>3</a>
          <b>2</b>
        </Complex>
        <Complex>
          <a>0</a>
          <b>3</b>
        </Complex>
        <Complex>
          <a>-1</a>
          <b>2</b>
        </Complex>
      </array>
      <SourceBoundingRect>
        <Location>
          <X>970</X>
          <Y>1089</Y>
        </Location>
        <Size>
          <Width>25</Width>
          <Height>34</Height>
        </Size>
        <X>970</X>
        <Y>1089</Y>
        <Width>25</Width>
        <Height>34</Height>
      </SourceBoundingRect>
    </contour>
    <autoCorr>
      <array>
        <Complex>
          <a>1</a>
          <b>0</b>
        </Complex>
        <Complex>
          <a>0.80729166666666663</a>
          <b>-0.0859375</b>
        </Complex>
        <Complex>
          <a>0.58854166666666663</a>
          <b>-0.140625</b>
        </Complex>
        <Complex>
          <a>0.328125</a>
          <b>-0.1171875</b>
        </Complex>
        <Complex>
          <a>0.096354166666666671</a>
          <b>-0.1171875</b>
        </Complex>
        <Complex>
          <a>-0.11197916666666667</a>
          <b>-0.078125</b>
        </Complex>
        <Complex>
          <a>-0.25260416666666669</a>
          <b>-0.11979166666666667</b>
        </Complex>
        <Complex>
          <a>-0.36979166666666669</a>
          <b>-0.16927083333333334</b>
        </Complex>
        <Complex>
          <a>-0.4140625</a>
          <b>-0.2421875</b>
        </Complex>
        <Complex>
          <a>-0.390625</a>
          <b>-0.27864583333333331</b>
        </Complex>
        <Complex>
          <a>-0.34635416666666669</a>
          <b>-0.32291666666666669</b>
        </Complex>
        <Complex>
          <a>-0.22916666666666666</a>
          <b>-0.28645833333333331</b>
        </Complex>
        <Complex>
          <a>-0.12760416666666666</a>
          <b>-0.3046875</b>
        </Complex>
        <Complex>
          <a>-0.065104166666666671</a>
          <b>-0.265625</b>
        </Complex>
        <Complex>
          <a>-0.03125</a>
          <b>-0.16666666666666666</b>
        </Complex>
      </array>
      <SourceBoundingRect>
        <Location>
          <X>0</X>
          <Y>0</Y>
        </Location>
        <Size>
          <Width>0</Width>
          <Height>0</Height>
        </Size>
        <X>0</X>
        <Y>0</Y>
        <Width>0</Width>
        <Height>0</Height>
      </SourceBoundingRect>
    </autoCorr>
    <startPoint>
      <X>993</X>
      <Y>1089</Y>
    </startPoint>
    <preferredAngleNoMore90>false</preferredAngleNoMore90>
    <autoCorrDescriptor1>42</autoCorrDescriptor1>
    <autoCorrDescriptor2>-7</autoCorrDescriptor2>
    <autoCorrDescriptor3>-5</autoCorrDescriptor3>
    <autoCorrDescriptor4>-18</autoCorrDescriptor4>
    <contourNorma>19.595917942265423</contourNorma>
    <sourceArea>209</sourceArea>
  </Template>
  <Template>
    <name>filler</name>
    <contour>
      <array>
        <Complex>
          <a>-4</a>
          <b>-3</b>
        </Complex>
        <Complex>
          <a>-3</a>
          <b>-2</b>
        </Complex>
        <Complex>
          <a>-3</a>
          <b>-2</b>
        </Complex>
        <Complex>
          <a>-4</a>
          <b>-2</b>
        </Complex>
        <Complex>
          <a>-2</a>
          <b>-2</b>
        </Complex>
        <Complex>
          <a>-3</a>
          <b>-2</b>
        </Complex>
        <Complex>
          <a>-3</a>
          <b>-2</b>
        </Complex>
        <Complex>
          <a>-1</a>
          <b>-3</b>
        </Complex>
        <Complex>
          <a>2</a>
          <b>-2</b>
        </Complex>
        <Complex>
          <a>3</a>
          <b>-2</b>
        </Complex>
        <Complex>
          <a>3</a>
          <b>-2</b>
        </Complex>
        <Complex>
          <a>4</a>
          <b>-3</b>
        </Complex>
        <Complex>
          <a>3</a>
          <b>-2</b>
        </Complex>
        <Complex>
          <a>3</a>
          <b>-2</b>
        </Complex>
        <Complex>
          <a>3</a>
          <b>-1</b>
        </Complex>
        <Complex>
          <a>3</a>
          <b>-1</b>
        </Complex>
        <Complex>
          <a>0</a>
          <b>3</b>
        </Complex>
        <Complex>
          <a>-3</a>
          <b>2</b>
        </Complex>
        <Complex>
          <a>-3</a>
          <b>2</b>
        </Complex>
        <Complex>
          <a>-3</a>
          <b>2</b>
        </Complex>
        <Complex>
          <a>-2</a>
          <b>1</b>
        </Complex>
        <Complex>
          <a>-3</a>
          <b>2</b>
        </Complex>
        <Complex>
          <a>-3</a>
          <b>4</b>
        </Complex>
        <Complex>
          <a>3</a>
          <b>3</b>
        </Complex>
        <Complex>
          <a>3</a>
          <b>2</b>
        </Complex>
        <Complex>
          <a>3</a>
          <b>2</b>
        </Complex>
        <Complex>
          <a>4</a>
          <b>3</b>
        </Complex>
        <Complex>
          <a>3</a>
          <b>1</b>
        </Complex>
        <Complex>
          <a>1</a>
          <b>3</b>
        </Complex>
        <Complex>
          <a>-1</a>
          <b>3</b>
        </Complex>
      </array>
      <SourceBoundingRect>
        <Location>
          <X>770</X>
          <Y>1089</Y>
        </Location>
        <Size>
          <Width>26</Width>
          <Height>34</Height>
        </Size>
        <X>770</X>
        <Y>1089</Y>
        <Width>26</Width>
        <Height>34</Height>
      </SourceBoundingRect>
    </contour>
    <autoCorr>
      <array>
        <Complex>
          <a>1</a>
          <b>0</b>
        </Complex>
        <Complex>
          <a>0.78780487804878052</a>
          <b>-0.078048780487804878</b>
        </Complex>
        <Complex>
          <a>0.57073170731707312</a>
          <b>-0.12926829268292683</b>
        </Complex>
        <Complex>
          <a>0.38292682926829269</a>
          <b>-0.13658536585365855</b>
        </Complex>
        <Complex>
          <a>0.12439024390243902</a>
          <b>-0.13414634146341464</b>
        </Complex>
        <Complex>
          <a>-0.1</a>
          <b>-0.14878048780487804</b>
        </Complex>
        <Complex>
          <a>-0.2780487804878049</a>
          <b>-0.15121951219512195</b>
        </Complex>
        <Complex>
          <a>-0.4170731707317073</a>
          <b>-0.16097560975609757</b>
        </Complex>
        <Complex>
          <a>-0.49268292682926829</a>
          <b>-0.24634146341463414</b>
        </Complex>
        <Complex>
          <a>-0.47317073170731705</a>
          <b>-0.21707317073170732</b>
        </Complex>
        <Complex>
          <a>-0.35853658536585364</a>
          <b>-0.18292682926829268</b>
        </Complex>
        <Complex>
          <a>-0.22195121951219513</a>
          <b>-0.20243902439024392</b>
        </Complex>
        <Complex>
          <a>-0.092682926829268292</a>
          <b>-0.2</b>
        </Complex>
        <Complex>
          <a>-0.0073170731707317077</a>
          <b>-0.19756097560975611</b>
        </Complex>
        <Complex>
          <a>0.039024390243902439</a>
          <b>-0.14390243902439023</b>
        </Complex>
      </array>
      <SourceBoundingRect>
        <Location>
          <X>0</X>
          <Y>0</Y>
        </Location>
        <Size>
          <Width>0</Width>
          <Height>0</Height>
        </Size>
        <X>0</X>
        <Y>0</Y>
        <Width>0</Width>
        <Height>0</Height>
      </SourceBoundingRect>
    </autoCorr>
    <startPoint>
      <X>794</X>
      <Y>1089</Y>
    </startPoint>
    <preferredAngleNoMore90>false</preferredAngleNoMore90>
    <autoCorrDescriptor1>41</autoCorrDescriptor1>
    <autoCorrDescriptor2>-10</autoCorrDescriptor2>
    <autoCorrDescriptor3>-3</autoCorrDescriptor3>
    <autoCorrDescriptor4>-19</autoCorrDescriptor4>
    <contourNorma>20.248456731316587</contourNorma>
    <sourceArea>212</sourceArea>
  </Template>
  <Template>
    <name>filler</name>
    <contour>
      <array>
        <Complex>
          <a>-3</a>
          <b>-3</b>
        </Complex>
        <Complex>
          <a>-3</a>
          <b>-2</b>
        </Complex>
        <Complex>
          <a>-2</a>
          <b>-1</b>
        </Complex>
        <Complex>
          <a>-3</a>
          <b>-2</b>
        </Complex>
        <Complex>
          <a>-3</a>
          <b>-2</b>
        </Complex>
        <Complex>
          <a>-3</a>
          <b>-2</b>
        </Complex>
        <Complex>
          <a>-3</a>
          <b>-2</b>
        </Complex>
        <Complex>
          <a>-3</a>
          <b>-2</b>
        </Complex>
        <Complex>
          <a>0</a>
          <b>-2</b>
        </Complex>
        <Complex>
          <a>3</a>
          <b>-3</b>
        </Complex>
        <Complex>
          <a>3</a>
          <b>-2</b>
        </Complex>
        <Complex>
          <a>3</a>
          <b>-2</b>
        </Complex>
        <Complex>
          <a>3</a>
          <b>-2</b>
        </Complex>
        <Complex>
          <a>3</a>
          <b>-2</b>
        </Complex>
        <Complex>
          <a>3</a>
          <b>-2</b>
        </Complex>
        <Complex>
          <a>3</a>
          <b>-2</b>
        </Complex>
        <Complex>
          <a>3</a>
          <b>0</b>
        </Complex>
        <Complex>
          <a>-1</a>
          <b>4</b>
        </Complex>
        <Complex>
          <a>-2</a>
          <b>2</b>
        </Complex>
        <Complex>
          <a>-3</a>
          <b>1</b>
        </Complex>
        <Complex>
          <a>-3</a>
          <b>2</b>
        </Complex>
        <Complex>
          <a>-4</a>
          <b>3</b>
        </Complex>
        <Complex>
          <a>-3</a>
          <b>3</b>
        </Complex>
        <Complex>
          <a>1</a>
          <b>3</b>
        </Complex>
        <Complex>
          <a>3</a>
          <b>2</b>
        </Complex>
        <Complex>
          <a>4</a>
          <b>3</b>
        </Complex>
        <Complex>
          <a>3</a>
          <b>2</b>
        </Complex>
        <Complex>
          <a>3</a>
          <b>2</b>
        </Complex>
        <Complex>
          <a>2</a>
          <b>3</b>
        </Complex>
        <Complex>
          <a>-1</a>
          <b>3</b>
        </Complex>
      </array>
      <SourceBoundingRect>
        <Location>
          <X>730</X>
          <Y>1089</Y>
        </Location>
        <Size>
          <Width>26</Width>
          <Height>35</Height>
        </Size>
        <X>730</X>
        <Y>1089</Y>
        <Width>26</Width>
        <Height>35</Height>
      </SourceBoundingRect>
    </contour>
    <autoCorr>
      <array>
        <Complex>
          <a>1</a>
          <b>0</b>
        </Complex>
        <Complex>
          <a>0.81407035175879394</a>
          <b>-0.10050251256281408</b>
        </Complex>
        <Complex>
          <a>0.56030150753768848</a>
          <b>-0.11306532663316583</b>
        </Complex>
        <Complex>
          <a>0.35175879396984927</a>
          <b>-0.092964824120603015</b>
        </Complex>
        <Complex>
          <a>0.135678391959799</a>
          <b>-0.12562814070351758</b>
        </Complex>
        <Complex>
          <a>-0.10050251256281408</a>
          <b>-0.13316582914572864</b>
        </Complex>
        <Complex>
          <a>-0.26633165829145727</a>
          <b>-0.11306532663316583</b>
        </Complex>
        <Complex>
          <a>-0.36180904522613067</a>
          <b>-0.15075376884422109</b>
        </Complex>
        <Complex>
          <a>-0.41708542713567837</a>
          <b>-0.26633165829145727</b>
        </Complex>
        <Complex>
          <a>-0.41708542713567837</a>
          <b>-0.32412060301507539</b>
        </Complex>
        <Complex>
          <a>-0.36432160804020103</a>
          <b>-0.27386934673366836</b>
        </Complex>
        <Complex>
          <a>-0.23618090452261306</a>
          <b>-0.26884422110552764</b>
        </Complex>
        <Complex>
          <a>-0.13819095477386933</a>
          <b>-0.28643216080402012</b>
        </Complex>
        <Complex>
          <a>-0.095477386934673364</a>
          <b>-0.24874371859296482</b>
        </Complex>
        <Complex>
          <a>0.0025125628140703518</a>
          <b>-0.11809045226130653</b>
        </Complex>
      </array>
      <SourceBoundingRect>
        <Location>
          <X>0</X>
          <Y>0</Y>
        </Location>
        <Size>
          <Width>0</Width>
          <Height>0</Height>
        </Size>
        <X>0</X>
        <Y>0</Y>
        <Width>0</Width>
        <Height>0</Height>
      </SourceBoundingRect>
    </autoCorr>
    <startPoint>
      <X>754</X>
      <Y>1089</Y>
    </startPoint>
    <preferredAngleNoMore90>false</preferredAngleNoMore90>
    <autoCorrDescriptor1>42</autoCorrDescriptor1>
    <autoCorrDescriptor2>-8</autoCorrDescriptor2>
    <autoCorrDescriptor3>-3</autoCorrDescriptor3>
    <autoCorrDescriptor4>-19</autoCorrDescriptor4>
    <contourNorma>19.949937343260004</contourNorma>
    <sourceArea>219.5</sourceArea>
  </Template>
  <Template>
    <name>filler</name>
    <contour>
      <array>
        <Complex>
          <a>-4</a>
          <b>-3</b>
        </Complex>
        <Complex>
          <a>-3</a>
          <b>-3</b>
        </Complex>
        <Complex>
          <a>-3</a>
          <b>-1</b>
        </Complex>
        <Complex>
          <a>-2</a>
          <b>-2</b>
        </Complex>
        <Complex>
          <a>-3</a>
          <b>-2</b>
        </Complex>
        <Complex>
          <a>-3</a>
          <b>-2</b>
        </Complex>
        <Complex>
          <a>-3</a>
          <b>-2</b>
        </Complex>
        <Complex>
          <a>0</a>
          <b>-4</b>
        </Complex>
        <Complex>
          <a>3</a>
          <b>-2</b>
        </Complex>
        <Complex>
          <a>2</a>
          <b>-1</b>
        </Complex>
        <Complex>
          <a>3</a>
          <b>-2</b>
        </Complex>
        <Complex>
          <a>2</a>
          <b>-2</b>
        </Complex>
        <Complex>
          <a>3</a>
          <b>-2</b>
        </Complex>
        <Complex>
          <a>2</a>
          <b>-2</b>
        </Complex>
        <Complex>
          <a>3</a>
          <b>-1</b>
        </Complex>
        <Complex>
          <a>4</a>
          <b>-1</b>
        </Complex>
        <Complex>
          <a>-1</a>
          <b>3</b>
        </Complex>
        <Complex>
          <a>-2</a>
          <b>2</b>
        </Complex>
        <Complex>
          <a>-3</a>
          <b>2</b>
        </Complex>
        <Complex>
          <a>-3</a>
          <b>2</b>
        </Complex>
        <Complex>
          <a>-2</a>
          <b>1</b>
        </Complex>
        <Complex>
          <a>-3</a>
          <b>3</b>
        </Complex>
        <Complex>
          <a>0</a>
          <b>4</b>
        </Complex>
        <Complex>
          <a>3</a>
          <b>3</b>
        </Complex>
        <Complex>
          <a>3</a>
          <b>2</b>
        </Complex>
        <Complex>
          <a>3</a>
          <b>2</b>
        </Complex>
        <Complex>
          <a>2</a>
          <b>1</b>
        </Complex>
        <Complex>
          <a>2</a>
          <b>2</b>
        </Complex>
        <Complex>
          <a>1</a>
          <b>3</b>
        </Complex>
        <Complex>
          <a>-1</a>
          <b>2</b>
        </Complex>
      </array>
      <SourceBoundingRect>
        <Location>
          <X>138</X>
          <Y>1088</Y>
        </Location>
        <Size>
          <Width>24</Width>
          <Height>34</Height>
        </Size>
        <X>138</X>
        <Y>1088</Y>
        <Width>24</Width>
        <Height>34</Height>
      </SourceBoundingRect>
    </contour>
    <autoCorr>
      <array>
        <Complex>
          <a>1</a>
          <b>0</b>
        </Complex>
        <Complex>
          <a>0.776536312849162</a>
          <b>-0.097765363128491614</b>
        </Complex>
        <Complex>
          <a>0.53351955307262566</a>
          <b>-0.12569832402234638</b>
        </Complex>
        <Complex>
          <a>0.33519553072625696</a>
          <b>-0.12290502793296089</b>
        </Complex>
        <Complex>
          <a>0.15083798882681565</a>
          <b>-0.12011173184357542</b>
        </Complex>
        <Complex>
          <a>-0.0083798882681564244</a>
          <b>-0.12569832402234638</b>
        </Complex>
        <Complex>
          <a>-0.19273743016759776</a>
          <b>-0.13687150837988826</b>
        </Complex>
        <Complex>
          <a>-0.32122905027932963</a>
          <b>-0.23184357541899442</b>
        </Complex>
        <Complex>
          <a>-0.44692737430167595</a>
          <b>-0.29050279329608941</b>
        </Complex>
        <Complex>
          <a>-0.45810055865921789</a>
          <b>-0.25977653631284914</b>
        </Complex>
        <Complex>
          <a>-0.34078212290502791</a>
          <b>-0.21787709497206703</b>
        </Complex>
        <Complex>
          <a>-0.23184357541899442</a>
          <b>-0.20670391061452514</b>
        </Complex>
        <Complex>
          <a>-0.13966480446927373</a>
          <b>-0.22625698324022348</b>
        </Complex>
        <Complex>
          <a>-0.069832402234636867</a>
          <b>-0.23184357541899442</b>
        </Complex>
        <Complex>
          <a>-0.058659217877094973</a>
          <b>-0.17597765363128493</b>
        </Complex>
      </array>
      <SourceBoundingRect>
        <Location>
          <X>0</X>
          <Y>0</Y>
        </Location>
        <Size>
          <Width>0</Width>
          <Height>0</Height>
        </Size>
        <X>0</X>
        <Y>0</Y>
        <Width>0</Width>
        <Height>0</Height>
      </SourceBoundingRect>
    </autoCorr>
    <startPoint>
      <X>160</X>
      <Y>1088</Y>
    </startPoint>
    <preferredAngleNoMore90>false</preferredAngleNoMore90>
    <autoCorrDescriptor1>40</autoCorrDescriptor1>
    <autoCorrDescriptor2>-7</autoCorrDescriptor2>
    <autoCorrDescriptor3>-4</autoCorrDescriptor3>
    <autoCorrDescriptor4>-18</autoCorrDescriptor4>
    <contourNorma>18.920887928424502</contourNorma>
    <sourceArea>214</sourceArea>
  </Template>
  <Template>
    <name>filler</name>
    <contour>
      <array>
        <Complex>
          <a>-4</a>
          <b>-3</b>
        </Complex>
        <Complex>
          <a>-3</a>
          <b>-2</b>
        </Complex>
        <Complex>
          <a>-3</a>
          <b>-3</b>
        </Complex>
        <Complex>
          <a>-3</a>
          <b>-2</b>
        </Complex>
        <Complex>
          <a>-3</a>
          <b>-2</b>
        </Complex>
        <Complex>
          <a>-3</a>
          <b>-1</b>
        </Complex>
        <Complex>
          <a>-2</a>
          <b>-2</b>
        </Complex>
        <Complex>
          <a>0</a>
          <b>-3</b>
        </Complex>
        <Complex>
          <a>3</a>
          <b>-1</b>
        </Complex>
        <Complex>
          <a>3</a>
          <b>-2</b>
        </Complex>
        <Complex>
          <a>3</a>
          <b>-2</b>
        </Complex>
        <Complex>
          <a>3</a>
          <b>-2</b>
        </Complex>
        <Complex>
          <a>3</a>
          <b>-3</b>
        </Complex>
        <Complex>
          <a>3</a>
          <b>-1</b>
        </Complex>
        <Complex>
          <a>3</a>
          <b>-3</b>
        </Complex>
        <Complex>
          <a>2</a>
          <b>3</b>
        </Complex>
        <Complex>
          <a>-2</a>
          <b>2</b>
        </Complex>
        <Complex>
          <a>-3</a>
          <b>2</b>
        </Complex>
        <Complex>
          <a>-2</a>
          <b>2</b>
        </Complex>
        <Complex>
          <a>-3</a>
          <b>1</b>
        </Complex>
        <Complex>
          <a>-3</a>
          <b>2</b>
        </Complex>
        <Complex>
          <a>-2</a>
          <b>3</b>
        </Complex>
        <Complex>
          <a>1</a>
          <b>3</b>
        </Complex>
        <Complex>
          <a>3</a>
          <b>3</b>
        </Complex>
        <Complex>
          <a>2</a>
          <b>1</b>
        </Complex>
        <Complex>
          <a>3</a>
          <b>2</b>
        </Complex>
        <Complex>
          <a>3</a>
          <b>1</b>
        </Complex>
        <Complex>
          <a>3</a>
          <b>3</b>
        </Complex>
        <Complex>
          <a>0</a>
          <b>3</b>
        </Complex>
        <Complex>
          <a>-2</a>
          <b>1</b>
        </Complex>
      </array>
      <SourceBoundingRect>
        <Location>
          <X>1367</X>
          <Y>1087</Y>
        </Location>
        <Size>
          <Width>25</Width>
          <Height>33</Height>
        </Size>
        <X>1367</X>
        <Y>1087</Y>
        <Width>25</Width>
        <Height>33</Height>
      </SourceBoundingRect>
    </contour>
    <autoCorr>
      <array>
        <Complex>
          <a>1</a>
          <b>0</b>
        </Complex>
        <Complex>
          <a>0.78648648648648645</a>
          <b>-0.11081081081081082</b>
        </Complex>
        <Complex>
          <a>0.581081081081081</a>
          <b>-0.13243243243243244</b>
        </Complex>
        <Complex>
          <a>0.31621621621621621</a>
          <b>-0.11621621621621622</b>
        </Complex>
        <Complex>
          <a>0.11081081081081082</a>
          <b>-0.10540540540540541</b>
        </Complex>
        <Complex>
          <a>-0.078378378378378383</a>
          <b>-0.11081081081081082</b>
        </Complex>
        <Complex>
          <a>-0.27297297297297296</a>
          <b>-0.14594594594594595</b>
        </Complex>
        <Complex>
          <a>-0.39729729729729729</a>
          <b>-0.19459459459459461</b>
        </Complex>
        <Complex>
          <a>-0.5</a>
          <b>-0.23783783783783785</b>
        </Complex>
        <Complex>
          <a>-0.49729729729729732</a>
          <b>-0.22972972972972974</b>
        </Complex>
        <Complex>
          <a>-0.34324324324324323</a>
          <b>-0.1918918918918919</b>
        </Complex>
        <Complex>
          <a>-0.21621621621621623</a>
          <b>-0.21081081081081082</b>
        </Complex>
        <Complex>
          <a>-0.048648648648648651</a>
          <b>-0.23513513513513515</b>
        </Complex>
        <Complex>
          <a>0.0081081081081081086</a>
          <b>-0.24864864864864866</b>
        </Complex>
        <Complex>
          <a>0.043243243243243246</a>
          <b>-0.15945945945945947</b>
        </Complex>
      </array>
      <SourceBoundingRect>
        <Location>
          <X>0</X>
          <Y>0</Y>
        </Location>
        <Size>
          <Width>0</Width>
          <Height>0</Height>
        </Size>
        <X>0</X>
        <Y>0</Y>
        <Width>0</Width>
        <Height>0</Height>
      </SourceBoundingRect>
    </autoCorr>
    <startPoint>
      <X>1389</X>
      <Y>1087</Y>
    </startPoint>
    <preferredAngleNoMore90>false</preferredAngleNoMore90>
    <autoCorrDescriptor1>41</autoCorrDescriptor1>
    <autoCorrDescriptor2>-8</autoCorrDescriptor2>
    <autoCorrDescriptor3>-3</autoCorrDescriptor3>
    <autoCorrDescriptor4>-18</autoCorrDescriptor4>
    <contourNorma>19.235384061671343</contourNorma>
    <sourceArea>196</sourceArea>
  </Template>
  <Template>
    <name>filler</name>
    <contour>
      <array>
        <Complex>
          <a>-4</a>
          <b>-3</b>
        </Complex>
        <Complex>
          <a>-3</a>
          <b>-2</b>
        </Complex>
        <Complex>
          <a>-3</a>
          <b>-2</b>
        </Complex>
        <Complex>
          <a>-3</a>
          <b>-3</b>
        </Complex>
        <Complex>
          <a>-3</a>
          <b>-2</b>
        </Complex>
        <Complex>
          <a>-3</a>
          <b>-2</b>
        </Complex>
        <Complex>
          <a>-3</a>
          <b>-2</b>
        </Complex>
        <Complex>
          <a>1</a>
          <b>-2</b>
        </Complex>
        <Complex>
          <a>3</a>
          <b>-2</b>
        </Complex>
        <Complex>
          <a>3</a>
          <b>-3</b>
        </Complex>
        <Complex>
          <a>4</a>
          <b>-2</b>
        </Complex>
        <Complex>
          <a>3</a>
          <b>-2</b>
        </Complex>
        <Complex>
          <a>2</a>
          <b>-2</b>
        </Complex>
        <Complex>
          <a>3</a>
          <b>-2</b>
        </Complex>
        <Complex>
          <a>3</a>
          <b>-1</b>
        </Complex>
        <Complex>
          <a>2</a>
          <b>1</b>
        </Complex>
        <Complex>
          <a>-1</a>
          <b>2</b>
        </Complex>
        <Complex>
          <a>-2</a>
          <b>2</b>
        </Complex>
        <Complex>
          <a>-3</a>
          <b>2</b>
        </Complex>
        <Complex>
          <a>-3</a>
          <b>2</b>
        </Complex>
        <Complex>
          <a>-4</a>
          <b>3</b>
        </Complex>
        <Complex>
          <a>-3</a>
          <b>3</b>
        </Complex>
        <Complex>
          <a>2</a>
          <b>3</b>
        </Complex>
        <Complex>
          <a>3</a>
          <b>3</b>
        </Complex>
        <Complex>
          <a>3</a>
          <b>2</b>
        </Complex>
        <Complex>
          <a>2</a>
          <b>1</b>
        </Complex>
        <Complex>
          <a>3</a>
          <b>2</b>
        </Complex>
        <Complex>
          <a>3</a>
          <b>2</b>
        </Complex>
        <Complex>
          <a>0</a>
          <b>3</b>
        </Complex>
        <Complex>
          <a>-2</a>
          <b>1</b>
        </Complex>
      </array>
      <SourceBoundingRect>
        <Location>
          <X>1328</X>
          <Y>1087</Y>
        </Location>
        <Size>
          <Width>25</Width>
          <Height>33</Height>
        </Size>
        <X>1328</X>
        <Y>1087</Y>
        <Width>25</Width>
        <Height>33</Height>
      </SourceBoundingRect>
    </contour>
    <autoCorr>
      <array>
        <Complex>
          <a>1</a>
          <b>0</b>
        </Complex>
        <Complex>
          <a>0.84375</a>
          <b>-0.075520833333333329</b>
        </Complex>
        <Complex>
          <a>0.59895833333333337</a>
          <b>-0.1015625</b>
        </Complex>
        <Complex>
          <a>0.36979166666666669</a>
          <b>-0.098958333333333329</b>
        </Complex>
        <Complex>
          <a>0.14583333333333334</a>
          <b>-0.13020833333333334</b>
        </Complex>
        <Complex>
          <a>-0.0625</a>
          <b>-0.16145833333333334</b>
        </Complex>
        <Complex>
          <a>-0.26822916666666669</a>
          <b>-0.16927083333333334</b>
        </Complex>
        <Complex>
          <a>-0.41666666666666669</a>
          <b>-0.20052083333333334</b>
        </Complex>
        <Complex>
          <a>-0.47395833333333331</a>
          <b>-0.23177083333333334</b>
        </Complex>
        <Complex>
          <a>-0.45572916666666669</a>
          <b>-0.25520833333333331</b>
        </Complex>
        <Complex>
          <a>-0.39322916666666669</a>
          <b>-0.25520833333333331</b>
        </Complex>
        <Complex>
          <a>-0.26822916666666669</a>
          <b>-0.22916666666666666</b>
        </Complex>
        <Complex>
          <a>-0.1328125</a>
          <b>-0.23697916666666666</b>
        </Complex>
        <Complex>
          <a>-0.0390625</a>
          <b>-0.24479166666666666</b>
        </Complex>
        <Complex>
          <a>0.028645833333333332</a>
          <b>-0.15885416666666666</b>
        </Complex>
      </array>
      <SourceBoundingRect>
        <Location>
          <X>0</X>
          <Y>0</Y>
        </Location>
        <Size>
          <Width>0</Width>
          <Height>0</Height>
        </Size>
        <X>0</X>
        <Y>0</Y>
        <Width>0</Width>
        <Height>0</Height>
      </SourceBoundingRect>
    </autoCorr>
    <startPoint>
      <X>1350</X>
      <Y>1087</Y>
    </startPoint>
    <preferredAngleNoMore90>false</preferredAngleNoMore90>
    <autoCorrDescriptor1>43</autoCorrDescriptor1>
    <autoCorrDescriptor2>-9</autoCorrDescriptor2>
    <autoCorrDescriptor3>-3</autoCorrDescriptor3>
    <autoCorrDescriptor4>-19</autoCorrDescriptor4>
    <contourNorma>19.595917942265423</contourNorma>
    <sourceArea>204.5</sourceArea>
  </Template>
  <Template>
    <name>filler</name>
    <contour>
      <array>
        <Complex>
          <a>-4</a>
          <b>-3</b>
        </Complex>
        <Complex>
          <a>-3</a>
          <b>-2</b>
        </Complex>
        <Complex>
          <a>-3</a>
          <b>-2</b>
        </Complex>
        <Complex>
          <a>-2</a>
          <b>-1</b>
        </Complex>
        <Complex>
          <a>-3</a>
          <b>-2</b>
        </Complex>
        <Complex>
          <a>-3</a>
          <b>-2</b>
        </Complex>
        <Complex>
          <a>-4</a>
          <b>-3</b>
        </Complex>
        <Complex>
          <a>-2</a>
          <b>-2</b>
        </Complex>
        <Complex>
          <a>2</a>
          <b>-2</b>
        </Complex>
        <Complex>
          <a>3</a>
          <b>-2</b>
        </Complex>
        <Complex>
          <a>3</a>
          <b>-2</b>
        </Complex>
        <Complex>
          <a>3</a>
          <b>-2</b>
        </Complex>
        <Complex>
          <a>4</a>
          <b>-3</b>
        </Complex>
        <Complex>
          <a>3</a>
          <b>-2</b>
        </Complex>
        <Complex>
          <a>3</a>
          <b>-2</b>
        </Complex>
        <Complex>
          <a>3</a>
          <b>-1</b>
        </Complex>
        <Complex>
          <a>0</a>
          <b>3</b>
        </Complex>
        <Complex>
          <a>-2</a>
          <b>2</b>
        </Complex>
        <Complex>
          <a>-3</a>
          <b>2</b>
        </Complex>
        <Complex>
          <a>-3</a>
          <b>3</b>
        </Complex>
        <Complex>
          <a>-3</a>
          <b>1</b>
        </Complex>
        <Complex>
          <a>-3</a>
          <b>2</b>
        </Complex>
        <Complex>
          <a>-1</a>
          <b>3</b>
        </Complex>
        <Complex>
          <a>1</a>
          <b>3</b>
        </Complex>
        <Complex>
          <a>4</a>
          <b>3</b>
        </Complex>
        <Complex>
          <a>3</a>
          <b>2</b>
        </Complex>
        <Complex>
          <a>3</a>
          <b>2</b>
        </Complex>
        <Complex>
          <a>3</a>
          <b>2</b>
        </Complex>
        <Complex>
          <a>1</a>
          <b>2</b>
        </Complex>
        <Complex>
          <a>0</a>
          <b>3</b>
        </Complex>
      </array>
      <SourceBoundingRect>
        <Location>
          <X>1288</X>
          <Y>1087</Y>
        </Location>
        <Size>
          <Width>25</Width>
          <Height>34</Height>
        </Size>
        <X>1288</X>
        <Y>1087</Y>
        <Width>25</Width>
        <Height>34</Height>
      </SourceBoundingRect>
    </contour>
    <autoCorr>
      <array>
        <Complex>
          <a>1</a>
          <b>0</b>
        </Complex>
        <Complex>
          <a>0.80867346938775508</a>
          <b>-0.071428571428571425</b>
        </Complex>
        <Complex>
          <a>0.59948979591836737</a>
          <b>-0.11224489795918367</b>
        </Complex>
        <Complex>
          <a>0.35204081632653061</a>
          <b>-0.11479591836734694</b>
        </Complex>
        <Complex>
          <a>0.12244897959183673</a>
          <b>-0.12244897959183673</b>
        </Complex>
        <Complex>
          <a>-0.079081632653061229</a>
          <b>-0.11479591836734694</b>
        </Complex>
        <Complex>
          <a>-0.27040816326530615</a>
          <b>-0.125</b>
        </Complex>
        <Complex>
          <a>-0.42602040816326531</a>
          <b>-0.18622448979591838</b>
        </Complex>
        <Complex>
          <a>-0.5</a>
          <b>-0.23469387755102042</b>
        </Complex>
        <Complex>
          <a>-0.4642857142857143</a>
          <b>-0.2423469387755102</b>
        </Complex>
        <Complex>
          <a>-0.35969387755102039</a>
          <b>-0.21938775510204081</b>
        </Complex>
        <Complex>
          <a>-0.23979591836734693</a>
          <b>-0.22704081632653062</b>
        </Complex>
        <Complex>
          <a>-0.11224489795918367</a>
          <b>-0.23469387755102042</b>
        </Complex>
        <Complex>
          <a>-0.012755102040816327</a>
          <b>-0.21428571428571427</b>
        </Complex>
        <Complex>
          <a>0.045918367346938778</a>
          <b>-0.16326530612244897</b>
        </Complex>
      </array>
      <SourceBoundingRect>
        <Location>
          <X>0</X>
          <Y>0</Y>
        </Location>
        <Size>
          <Width>0</Width>
          <Height>0</Height>
        </Size>
        <X>0</X>
        <Y>0</Y>
        <Width>0</Width>
        <Height>0</Height>
      </SourceBoundingRect>
    </autoCorr>
    <startPoint>
      <X>1312</X>
      <Y>1087</Y>
    </startPoint>
    <preferredAngleNoMore90>false</preferredAngleNoMore90>
    <autoCorrDescriptor1>42</autoCorrDescriptor1>
    <autoCorrDescriptor2>-9</autoCorrDescriptor2>
    <autoCorrDescriptor3>-3</autoCorrDescriptor3>
    <autoCorrDescriptor4>-19</autoCorrDescriptor4>
    <contourNorma>19.798989873223331</contourNorma>
    <sourceArea>212.5</sourceArea>
  </Template>
  <Template>
    <name>filler</name>
    <contour>
      <array>
        <Complex>
          <a>4</a>
          <b>1</b>
        </Complex>
        <Complex>
          <a>3</a>
          <b>-3</b>
        </Complex>
        <Complex>
          <a>0</a>
          <b>-4</b>
        </Complex>
        <Complex>
          <a>0</a>
          <b>-4</b>
        </Complex>
        <Complex>
          <a>-4</a>
          <b>-3</b>
        </Complex>
        <Complex>
          <a>-4</a>
          <b>-3</b>
        </Complex>
        <Complex>
          <a>-4</a>
          <b>-2</b>
        </Complex>
        <Complex>
          <a>-3</a>
          <b>-3</b>
        </Complex>
        <Complex>
          <a>4</a>
          <b>-2</b>
        </Complex>
        <Complex>
          <a>4</a>
          <b>-3</b>
        </Complex>
        <Complex>
          <a>4</a>
          <b>-2</b>
        </Complex>
        <Complex>
          <a>3</a>
          <b>-4</b>
        </Complex>
        <Complex>
          <a>0</a>
          <b>-4</b>
        </Complex>
        <Complex>
          <a>-1</a>
          <b>-4</b>
        </Complex>
        <Complex>
          <a>-4</a>
          <b>-2</b>
        </Complex>
        <Complex>
          <a>-4</a>
          <b>2</b>
        </Complex>
        <Complex>
          <a>-4</a>
          <b>3</b>
        </Complex>
        <Complex>
          <a>-4</a>
          <b>3</b>
        </Complex>
        <Complex>
          <a>-4</a>
          <b>2</b>
        </Complex>
        <Complex>
          <a>-4</a>
          <b>3</b>
        </Complex>
        <Complex>
          <a>-4</a>
          <b>3</b>
        </Complex>
        <Complex>
          <a>-3</a>
          <b>3</b>
        </Complex>
        <Complex>
          <a>-1</a>
          <b>4</b>
        </Complex>
        <Complex>
          <a>3</a>
          <b>4</b>
        </Complex>
        <Complex>
          <a>4</a>
          <b>3</b>
        </Complex>
        <Complex>
          <a>4</a>
          <b>2</b>
        </Complex>
        <Complex>
          <a>4</a>
          <b>3</b>
        </Complex>
        <Complex>
          <a>4</a>
          <b>3</b>
        </Complex>
        <Complex>
          <a>4</a>
          <b>2</b>
        </Complex>
        <Complex>
          <a>3</a>
          <b>2</b>
        </Complex>
      </array>
      <SourceBoundingRect>
        <Location>
          <X>726</X>
          <Y>1085</Y>
        </Location>
        <Size>
          <Width>35</Width>
          <Height>44</Height>
        </Size>
        <X>726</X>
        <Y>1085</Y>
        <Width>35</Width>
        <Height>44</Height>
      </SourceBoundingRect>
    </contour>
    <autoCorr>
      <array>
        <Complex>
          <a>1</a>
          <b>0</b>
        </Complex>
        <Complex>
          <a>0.85942492012779548</a>
          <b>0.19968051118210864</b>
        </Complex>
        <Complex>
          <a>0.6485623003194888</a>
          <b>0.33067092651757191</b>
        </Complex>
        <Complex>
          <a>0.38817891373801916</a>
          <b>0.41214057507987223</b>
        </Complex>
        <Complex>
          <a>0.14536741214057508</a>
          <b>0.41693290734824279</b>
        </Complex>
        <Complex>
          <a>-0.0095846645367412137</a>
          <b>0.38019169329073482</b>
        </Complex>
        <Complex>
          <a>-0.13578274760383385</a>
          <b>0.34185303514376997</b>
        </Complex>
        <Complex>
          <a>-0.19488817891373803</a>
          <b>0.33226837060702874</b>
        </Complex>
        <Complex>
          <a>-0.25878594249201275</a>
          <b>0.38338658146964855</b>
        </Complex>
        <Complex>
          <a>-0.32747603833865813</a>
          <b>0.402555910543131</b>
        </Complex>
        <Complex>
          <a>-0.33865814696485624</a>
          <b>0.38338658146964855</b>
        </Complex>
        <Complex>
          <a>-0.34824281150159747</a>
          <b>0.34345047923322686</b>
        </Complex>
        <Complex>
          <a>-0.32108626198083068</a>
          <b>0.26996805111821087</b>
        </Complex>
        <Complex>
          <a>-0.27795527156549521</a>
          <b>0.18690095846645369</b>
        </Complex>
        <Complex>
          <a>-0.23162939297124602</a>
          <b>0.086261980830670923</b>
        </Complex>
      </array>
      <SourceBoundingRect>
        <Location>
          <X>0</X>
          <Y>0</Y>
        </Location>
        <Size>
          <Width>0</Width>
          <Height>0</Height>
        </Size>
        <X>0</X>
        <Y>0</Y>
        <Width>0</Width>
        <Height>0</Height>
      </SourceBoundingRect>
    </autoCorr>
    <startPoint>
      <X>752</X>
      <Y>1086</Y>
    </startPoint>
    <preferredAngleNoMore90>false</preferredAngleNoMore90>
    <autoCorrDescriptor1>51</autoCorrDescriptor1>
    <autoCorrDescriptor2>-11</autoCorrDescriptor2>
    <autoCorrDescriptor3>-4</autoCorrDescriptor3>
    <autoCorrDescriptor4>-17</autoCorrDescriptor4>
    <contourNorma>25.019992006393608</contourNorma>
    <sourceArea>760.5</sourceArea>
  </Template>
  <Template>
    <name>filler</name>
    <contour>
      <array>
        <Complex>
          <a>-4</a>
          <b>-3</b>
        </Complex>
        <Complex>
          <a>-3</a>
          <b>-2</b>
        </Complex>
        <Complex>
          <a>-3</a>
          <b>-2</b>
        </Complex>
        <Complex>
          <a>-3</a>
          <b>-3</b>
        </Complex>
        <Complex>
          <a>-3</a>
          <b>-1</b>
        </Complex>
        <Complex>
          <a>-2</a>
          <b>-2</b>
        </Complex>
        <Complex>
          <a>-3</a>
          <b>-2</b>
        </Complex>
        <Complex>
          <a>-2</a>
          <b>-2</b>
        </Complex>
        <Complex>
          <a>2</a>
          <b>-2</b>
        </Complex>
        <Complex>
          <a>3</a>
          <b>-2</b>
        </Complex>
        <Complex>
          <a>3</a>
          <b>-2</b>
        </Complex>
        <Complex>
          <a>3</a>
          <b>-2</b>
        </Complex>
        <Complex>
          <a>3</a>
          <b>-2</b>
        </Complex>
        <Complex>
          <a>3</a>
          <b>-3</b>
        </Complex>
        <Complex>
          <a>3</a>
          <b>-2</b>
        </Complex>
        <Complex>
          <a>4</a>
          <b>0</b>
        </Complex>
        <Complex>
          <a>-1</a>
          <b>3</b>
        </Complex>
        <Complex>
          <a>-2</a>
          <b>2</b>
        </Complex>
        <Complex>
          <a>-3</a>
          <b>2</b>
        </Complex>
        <Complex>
          <a>-3</a>
          <b>2</b>
        </Complex>
        <Complex>
          <a>-3</a>
          <b>2</b>
        </Complex>
        <Complex>
          <a>-3</a>
          <b>2</b>
        </Complex>
        <Complex>
          <a>0</a>
          <b>3</b>
        </Complex>
        <Complex>
          <a>2</a>
          <b>2</b>
        </Complex>
        <Complex>
          <a>3</a>
          <b>2</b>
        </Complex>
        <Complex>
          <a>3</a>
          <b>3</b>
        </Complex>
        <Complex>
          <a>3</a>
          <b>1</b>
        </Complex>
        <Complex>
          <a>3</a>
          <b>2</b>
        </Complex>
        <Complex>
          <a>1</a>
          <b>3</b>
        </Complex>
        <Complex>
          <a>-1</a>
          <b>3</b>
        </Complex>
      </array>
      <SourceBoundingRect>
        <Location>
          <X>1407</X>
          <Y>1086</Y>
        </Location>
        <Size>
          <Width>25</Width>
          <Height>34</Height>
        </Size>
        <X>1407</X>
        <Y>1086</Y>
        <Width>25</Width>
        <Height>34</Height>
      </SourceBoundingRect>
    </contour>
    <autoCorr>
      <array>
        <Complex>
          <a>1</a>
          <b>0</b>
        </Complex>
        <Complex>
          <a>0.80319148936170215</a>
          <b>-0.125</b>
        </Complex>
        <Complex>
          <a>0.574468085106383</a>
          <b>-0.16489361702127658</b>
        </Complex>
        <Complex>
          <a>0.34574468085106386</a>
          <b>-0.14361702127659576</b>
        </Complex>
        <Complex>
          <a>0.10904255319148937</a>
          <b>-0.11702127659574468</b>
        </Complex>
        <Complex>
          <a>-0.11436170212765957</a>
          <b>-0.14893617021276595</b>
        </Complex>
        <Complex>
          <a>-0.28723404255319152</a>
          <b>-0.13563829787234041</b>
        </Complex>
        <Complex>
          <a>-0.40425531914893614</a>
          <b>-0.1702127659574468</b>
        </Complex>
        <Complex>
          <a>-0.49202127659574468</a>
          <b>-0.21010638297872342</b>
        </Complex>
        <Complex>
          <a>-0.43351063829787234</a>
          <b>-0.21808510638297873</b>
        </Complex>
        <Complex>
          <a>-0.33510638297872342</a>
          <b>-0.22074468085106383</b>
        </Complex>
        <Complex>
          <a>-0.21010638297872342</a>
          <b>-0.22074468085106383</b>
        </Complex>
        <Complex>
          <a>-0.069148936170212769</a>
          <b>-0.25797872340425532</b>
        </Complex>
        <Complex>
          <a>0.0053191489361702126</a>
          <b>-0.22872340425531915</b>
        </Complex>
        <Complex>
          <a>0.010638297872340425</a>
          <b>-0.18085106382978725</b>
        </Complex>
      </array>
      <SourceBoundingRect>
        <Location>
          <X>0</X>
          <Y>0</Y>
        </Location>
        <Size>
          <Width>0</Width>
          <Height>0</Height>
        </Size>
        <X>0</X>
        <Y>0</Y>
        <Width>0</Width>
        <Height>0</Height>
      </SourceBoundingRect>
    </autoCorr>
    <startPoint>
      <X>1430</X>
      <Y>1086</Y>
    </startPoint>
    <preferredAngleNoMore90>false</preferredAngleNoMore90>
    <autoCorrDescriptor1>41</autoCorrDescriptor1>
    <autoCorrDescriptor2>-9</autoCorrDescriptor2>
    <autoCorrDescriptor3>-4</autoCorrDescriptor3>
    <autoCorrDescriptor4>-18</autoCorrDescriptor4>
    <contourNorma>19.390719429665317</contourNorma>
    <sourceArea>216</sourceArea>
  </Template>
  <Template>
    <name>filler</name>
    <contour>
      <array>
        <Complex>
          <a>-4</a>
          <b>-3</b>
        </Complex>
        <Complex>
          <a>-3</a>
          <b>-2</b>
        </Complex>
        <Complex>
          <a>-3</a>
          <b>-2</b>
        </Complex>
        <Complex>
          <a>-3</a>
          <b>-2</b>
        </Complex>
        <Complex>
          <a>-3</a>
          <b>-2</b>
        </Complex>
        <Complex>
          <a>-3</a>
          <b>-2</b>
        </Complex>
        <Complex>
          <a>-2</a>
          <b>-2</b>
        </Complex>
        <Complex>
          <a>-2</a>
          <b>-2</b>
        </Complex>
        <Complex>
          <a>2</a>
          <b>-2</b>
        </Complex>
        <Complex>
          <a>3</a>
          <b>-2</b>
        </Complex>
        <Complex>
          <a>3</a>
          <b>-2</b>
        </Complex>
        <Complex>
          <a>3</a>
          <b>-2</b>
        </Complex>
        <Complex>
          <a>3</a>
          <b>-2</b>
        </Complex>
        <Complex>
          <a>3</a>
          <b>-2</b>
        </Complex>
        <Complex>
          <a>2</a>
          <b>-2</b>
        </Complex>
        <Complex>
          <a>4</a>
          <b>-1</b>
        </Complex>
        <Complex>
          <a>0</a>
          <b>3</b>
        </Complex>
        <Complex>
          <a>-2</a>
          <b>2</b>
        </Complex>
        <Complex>
          <a>-3</a>
          <b>2</b>
        </Complex>
        <Complex>
          <a>-2</a>
          <b>2</b>
        </Complex>
        <Complex>
          <a>-3</a>
          <b>2</b>
        </Complex>
        <Complex>
          <a>-3</a>
          <b>2</b>
        </Complex>
        <Complex>
          <a>-1</a>
          <b>3</b>
        </Complex>
        <Complex>
          <a>2</a>
          <b>3</b>
        </Complex>
        <Complex>
          <a>3</a>
          <b>2</b>
        </Complex>
        <Complex>
          <a>3</a>
          <b>2</b>
        </Complex>
        <Complex>
          <a>3</a>
          <b>2</b>
        </Complex>
        <Complex>
          <a>2</a>
          <b>2</b>
        </Complex>
        <Complex>
          <a>2</a>
          <b>2</b>
        </Complex>
        <Complex>
          <a>-1</a>
          <b>3</b>
        </Complex>
      </array>
      <SourceBoundingRect>
        <Location>
          <X>1565</X>
          <Y>1085</Y>
        </Location>
        <Size>
          <Width>25</Width>
          <Height>33</Height>
        </Size>
        <X>1565</X>
        <Y>1085</Y>
        <Width>25</Width>
        <Height>33</Height>
      </SourceBoundingRect>
    </contour>
    <autoCorr>
      <array>
        <Complex>
          <a>1</a>
          <b>0</b>
        </Complex>
        <Complex>
          <a>0.8061797752808989</a>
          <b>-0.10955056179775281</b>
        </Complex>
        <Complex>
          <a>0.598314606741573</a>
          <b>-0.10674157303370786</b>
        </Complex>
        <Complex>
          <a>0.37359550561797755</a>
          <b>-0.12640449438202248</b>
        </Complex>
        <Complex>
          <a>0.14887640449438203</a>
          <b>-0.13764044943820225</b>
        </Complex>
        <Complex>
          <a>-0.084269662921348312</a>
          <b>-0.14325842696629212</b>
        </Complex>
        <Complex>
          <a>-0.27247191011235955</a>
          <b>-0.1544943820224719</b>
        </Complex>
        <Complex>
          <a>-0.40168539325842695</a>
          <b>-0.1853932584269663</b>
        </Complex>
        <Complex>
          <a>-0.4859550561797753</a>
          <b>-0.2640449438202247</b>
        </Complex>
        <Complex>
          <a>-0.44662921348314605</a>
          <b>-0.2640449438202247</b>
        </Complex>
        <Complex>
          <a>-0.35674157303370785</a>
          <b>-0.2752808988764045</b>
        </Complex>
        <Complex>
          <a>-0.24157303370786518</a>
          <b>-0.25842696629213485</b>
        </Complex>
        <Complex>
          <a>-0.12640449438202248</a>
          <b>-0.2556179775280899</b>
        </Complex>
        <Complex>
          <a>-0.016853932584269662</a>
          <b>-0.24157303370786518</b>
        </Complex>
        <Complex>
          <a>0</a>
          <b>-0.17696629213483145</b>
        </Complex>
      </array>
      <SourceBoundingRect>
        <Location>
          <X>0</X>
          <Y>0</Y>
        </Location>
        <Size>
          <Width>0</Width>
          <Height>0</Height>
        </Size>
        <X>0</X>
        <Y>0</Y>
        <Width>0</Width>
        <Height>0</Height>
      </SourceBoundingRect>
    </autoCorr>
    <startPoint>
      <X>1588</X>
      <Y>1085</Y>
    </startPoint>
    <preferredAngleNoMore90>false</preferredAngleNoMore90>
    <autoCorrDescriptor1>43</autoCorrDescriptor1>
    <autoCorrDescriptor2>-9</autoCorrDescriptor2>
    <autoCorrDescriptor3>-3</autoCorrDescriptor3>
    <autoCorrDescriptor4>-19</autoCorrDescriptor4>
    <contourNorma>18.867962264113206</contourNorma>
    <sourceArea>210</sourceArea>
  </Template>
  <Template>
    <name>filler</name>
    <contour>
      <array>
        <Complex>
          <a>-4</a>
          <b>-3</b>
        </Complex>
        <Complex>
          <a>-3</a>
          <b>-2</b>
        </Complex>
        <Complex>
          <a>-3</a>
          <b>-2</b>
        </Complex>
        <Complex>
          <a>-3</a>
          <b>-3</b>
        </Complex>
        <Complex>
          <a>-3</a>
          <b>-2</b>
        </Complex>
        <Complex>
          <a>-3</a>
          <b>-2</b>
        </Complex>
        <Complex>
          <a>-3</a>
          <b>-1</b>
        </Complex>
        <Complex>
          <a>0</a>
          <b>-3</b>
        </Complex>
        <Complex>
          <a>3</a>
          <b>-2</b>
        </Complex>
        <Complex>
          <a>3</a>
          <b>-3</b>
        </Complex>
        <Complex>
          <a>3</a>
          <b>-2</b>
        </Complex>
        <Complex>
          <a>3</a>
          <b>-1</b>
        </Complex>
        <Complex>
          <a>3</a>
          <b>-3</b>
        </Complex>
        <Complex>
          <a>3</a>
          <b>-1</b>
        </Complex>
        <Complex>
          <a>3</a>
          <b>-2</b>
        </Complex>
        <Complex>
          <a>2</a>
          <b>0</b>
        </Complex>
        <Complex>
          <a>-1</a>
          <b>3</b>
        </Complex>
        <Complex>
          <a>-2</a>
          <b>2</b>
        </Complex>
        <Complex>
          <a>-3</a>
          <b>2</b>
        </Complex>
        <Complex>
          <a>-2</a>
          <b>2</b>
        </Complex>
        <Complex>
          <a>-3</a>
          <b>2</b>
        </Complex>
        <Complex>
          <a>-3</a>
          <b>2</b>
        </Complex>
        <Complex>
          <a>-1</a>
          <b>3</b>
        </Complex>
        <Complex>
          <a>3</a>
          <b>3</b>
        </Complex>
        <Complex>
          <a>3</a>
          <b>2</b>
        </Complex>
        <Complex>
          <a>3</a>
          <b>2</b>
        </Complex>
        <Complex>
          <a>2</a>
          <b>2</b>
        </Complex>
        <Complex>
          <a>3</a>
          <b>1</b>
        </Complex>
        <Complex>
          <a>1</a>
          <b>3</b>
        </Complex>
        <Complex>
          <a>-1</a>
          <b>3</b>
        </Complex>
      </array>
      <SourceBoundingRect>
        <Location>
          <X>1526</X>
          <Y>1085</Y>
        </Location>
        <Size>
          <Width>24</Width>
          <Height>34</Height>
        </Size>
        <X>1526</X>
        <Y>1085</Y>
        <Width>24</Width>
        <Height>34</Height>
      </SourceBoundingRect>
    </contour>
    <autoCorr>
      <array>
        <Complex>
          <a>1</a>
          <b>0</b>
        </Complex>
        <Complex>
          <a>0.79729729729729726</a>
          <b>-0.0945945945945946</b>
        </Complex>
        <Complex>
          <a>0.581081081081081</a>
          <b>-0.12972972972972974</b>
        </Complex>
        <Complex>
          <a>0.372972972972973</a>
          <b>-0.13783783783783785</b>
        </Complex>
        <Complex>
          <a>0.14594594594594595</a>
          <b>-0.15405405405405406</b>
        </Complex>
        <Complex>
          <a>-0.059459459459459463</a>
          <b>-0.18108108108108109</b>
        </Complex>
        <Complex>
          <a>-0.25945945945945947</a>
          <b>-0.17297297297297298</b>
        </Complex>
        <Complex>
          <a>-0.41351351351351351</a>
          <b>-0.19459459459459461</b>
        </Complex>
        <Complex>
          <a>-0.5</a>
          <b>-0.23513513513513515</b>
        </Complex>
        <Complex>
          <a>-0.45675675675675675</a>
          <b>-0.22972972972972974</b>
        </Complex>
        <Complex>
          <a>-0.36216216216216218</a>
          <b>-0.20810810810810812</b>
        </Complex>
        <Complex>
          <a>-0.25675675675675674</a>
          <b>-0.20270270270270271</b>
        </Complex>
        <Complex>
          <a>-0.10270270270270271</a>
          <b>-0.20270270270270271</b>
        </Complex>
        <Complex>
          <a>-0.03783783783783784</a>
          <b>-0.18378378378378379</b>
        </Complex>
        <Complex>
          <a>0.021621621621621623</a>
          <b>-0.13513513513513514</b>
        </Complex>
      </array>
      <SourceBoundingRect>
        <Location>
          <X>0</X>
          <Y>0</Y>
        </Location>
        <Size>
          <Width>0</Width>
          <Height>0</Height>
        </Size>
        <X>0</X>
        <Y>0</Y>
        <Width>0</Width>
        <Height>0</Height>
      </SourceBoundingRect>
    </autoCorr>
    <startPoint>
      <X>1548</X>
      <Y>1085</Y>
    </startPoint>
    <preferredAngleNoMore90>false</preferredAngleNoMore90>
    <autoCorrDescriptor1>42</autoCorrDescriptor1>
    <autoCorrDescriptor2>-10</autoCorrDescriptor2>
    <autoCorrDescriptor3>-2</autoCorrDescriptor3>
    <autoCorrDescriptor4>-19</autoCorrDescriptor4>
    <contourNorma>19.235384061671343</contourNorma>
    <sourceArea>208</sourceArea>
  </Template>
  <Template>
    <name>filler</name>
    <contour>
      <array>
        <Complex>
          <a>-4</a>
          <b>-3</b>
        </Complex>
        <Complex>
          <a>-3</a>
          <b>-2</b>
        </Complex>
        <Complex>
          <a>-3</a>
          <b>-2</b>
        </Complex>
        <Complex>
          <a>-3</a>
          <b>-2</b>
        </Complex>
        <Complex>
          <a>-3</a>
          <b>-2</b>
        </Complex>
        <Complex>
          <a>-3</a>
          <b>-2</b>
        </Complex>
        <Complex>
          <a>-2</a>
          <b>-2</b>
        </Complex>
        <Complex>
          <a>-3</a>
          <b>-3</b>
        </Complex>
        <Complex>
          <a>2</a>
          <b>-2</b>
        </Complex>
        <Complex>
          <a>3</a>
          <b>-2</b>
        </Complex>
        <Complex>
          <a>3</a>
          <b>-2</b>
        </Complex>
        <Complex>
          <a>3</a>
          <b>-2</b>
        </Complex>
        <Complex>
          <a>3</a>
          <b>-1</b>
        </Complex>
        <Complex>
          <a>3</a>
          <b>-3</b>
        </Complex>
        <Complex>
          <a>3</a>
          <b>-1</b>
        </Complex>
        <Complex>
          <a>4</a>
          <b>-2</b>
        </Complex>
        <Complex>
          <a>0</a>
          <b>3</b>
        </Complex>
        <Complex>
          <a>-2</a>
          <b>1</b>
        </Complex>
        <Complex>
          <a>-3</a>
          <b>3</b>
        </Complex>
        <Complex>
          <a>-3</a>
          <b>2</b>
        </Complex>
        <Complex>
          <a>-3</a>
          <b>2</b>
        </Complex>
        <Complex>
          <a>-3</a>
          <b>2</b>
        </Complex>
        <Complex>
          <a>-1</a>
          <b>4</b>
        </Complex>
        <Complex>
          <a>3</a>
          <b>3</b>
        </Complex>
        <Complex>
          <a>3</a>
          <b>2</b>
        </Complex>
        <Complex>
          <a>3</a>
          <b>2</b>
        </Complex>
        <Complex>
          <a>3</a>
          <b>2</b>
        </Complex>
        <Complex>
          <a>2</a>
          <b>2</b>
        </Complex>
        <Complex>
          <a>1</a>
          <b>2</b>
        </Complex>
        <Complex>
          <a>0</a>
          <b>3</b>
        </Complex>
      </array>
      <SourceBoundingRect>
        <Location>
          <X>1486</X>
          <Y>1085</Y>
        </Location>
        <Size>
          <Width>25</Width>
          <Height>34</Height>
        </Size>
        <X>1486</X>
        <Y>1085</Y>
        <Width>25</Width>
        <Height>34</Height>
      </SourceBoundingRect>
    </contour>
    <autoCorr>
      <array>
        <Complex>
          <a>1</a>
          <b>0</b>
        </Complex>
        <Complex>
          <a>0.76804123711340211</a>
          <b>-0.064432989690721643</b>
        </Complex>
        <Complex>
          <a>0.60824742268041232</a>
          <b>-0.10051546391752578</b>
        </Complex>
        <Complex>
          <a>0.35309278350515466</a>
          <b>-0.11597938144329897</b>
        </Complex>
        <Complex>
          <a>0.15206185567010308</a>
          <b>-0.1134020618556701</b>
        </Complex>
        <Complex>
          <a>-0.08247422680412371</a>
          <b>-0.1134020618556701</b>
        </Complex>
        <Complex>
          <a>-0.23969072164948455</a>
          <b>-0.15721649484536082</b>
        </Complex>
        <Complex>
          <a>-0.38659793814432991</a>
          <b>-0.16752577319587628</b>
        </Complex>
        <Complex>
          <a>-0.48711340206185566</a>
          <b>-0.29381443298969073</b>
        </Complex>
        <Complex>
          <a>-0.44329896907216493</a>
          <b>-0.26288659793814434</b>
        </Complex>
        <Complex>
          <a>-0.34536082474226804</a>
          <b>-0.28092783505154639</b>
        </Complex>
        <Complex>
          <a>-0.23711340206185566</a>
          <b>-0.25</b>
        </Complex>
        <Complex>
          <a>-0.14690721649484537</a>
          <b>-0.25515463917525771</b>
        </Complex>
        <Complex>
          <a>-0.015463917525773196</a>
          <b>-0.22680412371134021</b>
        </Complex>
        <Complex>
          <a>-0.015463917525773196</a>
          <b>-0.16494845360824742</b>
        </Complex>
      </array>
      <SourceBoundingRect>
        <Location>
          <X>0</X>
          <Y>0</Y>
        </Location>
        <Size>
          <Width>0</Width>
          <Height>0</Height>
        </Size>
        <X>0</X>
        <Y>0</Y>
        <Width>0</Width>
        <Height>0</Height>
      </SourceBoundingRect>
    </autoCorr>
    <startPoint>
      <X>1510</X>
      <Y>1085</Y>
    </startPoint>
    <preferredAngleNoMore90>false</preferredAngleNoMore90>
    <autoCorrDescriptor1>42</autoCorrDescriptor1>
    <autoCorrDescriptor2>-8</autoCorrDescriptor2>
    <autoCorrDescriptor3>-3</autoCorrDescriptor3>
    <autoCorrDescriptor4>-19</autoCorrDescriptor4>
    <contourNorma>19.697715603592208</contourNorma>
    <sourceArea>218</sourceArea>
  </Template>
  <Template>
    <name>filler</name>
    <contour>
      <array>
        <Complex>
          <a>-4</a>
          <b>-3</b>
        </Complex>
        <Complex>
          <a>-3</a>
          <b>-2</b>
        </Complex>
        <Complex>
          <a>-2</a>
          <b>-2</b>
        </Complex>
        <Complex>
          <a>-3</a>
          <b>-2</b>
        </Complex>
        <Complex>
          <a>-3</a>
          <b>-2</b>
        </Complex>
        <Complex>
          <a>-3</a>
          <b>-2</b>
        </Complex>
        <Complex>
          <a>-3</a>
          <b>-2</b>
        </Complex>
        <Complex>
          <a>-3</a>
          <b>-2</b>
        </Complex>
        <Complex>
          <a>2</a>
          <b>-2</b>
        </Complex>
        <Complex>
          <a>3</a>
          <b>-3</b>
        </Complex>
        <Complex>
          <a>3</a>
          <b>-2</b>
        </Complex>
        <Complex>
          <a>3</a>
          <b>-2</b>
        </Complex>
        <Complex>
          <a>3</a>
          <b>-2</b>
        </Complex>
        <Complex>
          <a>3</a>
          <b>-2</b>
        </Complex>
        <Complex>
          <a>3</a>
          <b>-2</b>
        </Complex>
        <Complex>
          <a>4</a>
          <b>-2</b>
        </Complex>
        <Complex>
          <a>1</a>
          <b>3</b>
        </Complex>
        <Complex>
          <a>-2</a>
          <b>2</b>
        </Complex>
        <Complex>
          <a>-3</a>
          <b>2</b>
        </Complex>
        <Complex>
          <a>-3</a>
          <b>2</b>
        </Complex>
        <Complex>
          <a>-3</a>
          <b>2</b>
        </Complex>
        <Complex>
          <a>-3</a>
          <b>2</b>
        </Complex>
        <Complex>
          <a>-1</a>
          <b>4</b>
        </Complex>
        <Complex>
          <a>2</a>
          <b>3</b>
        </Complex>
        <Complex>
          <a>3</a>
          <b>2</b>
        </Complex>
        <Complex>
          <a>3</a>
          <b>2</b>
        </Complex>
        <Complex>
          <a>3</a>
          <b>2</b>
        </Complex>
        <Complex>
          <a>3</a>
          <b>2</b>
        </Complex>
        <Complex>
          <a>1</a>
          <b>3</b>
        </Complex>
        <Complex>
          <a>-1</a>
          <b>3</b>
        </Complex>
      </array>
      <SourceBoundingRect>
        <Location>
          <X>1446</X>
          <Y>1085</Y>
        </Location>
        <Size>
          <Width>26</Width>
          <Height>35</Height>
        </Size>
        <X>1446</X>
        <Y>1085</Y>
        <Width>26</Width>
        <Height>35</Height>
      </SourceBoundingRect>
    </contour>
    <autoCorr>
      <array>
        <Complex>
          <a>1</a>
          <b>0</b>
        </Complex>
        <Complex>
          <a>0.80710659898477155</a>
          <b>-0.10152284263959391</b>
        </Complex>
        <Complex>
          <a>0.57106598984771573</a>
          <b>-0.14213197969543148</b>
        </Complex>
        <Complex>
          <a>0.350253807106599</a>
          <b>-0.11928934010152284</b>
        </Complex>
        <Complex>
          <a>0.13197969543147209</a>
          <b>-0.11928934010152284</b>
        </Complex>
        <Complex>
          <a>-0.073604060913705582</a>
          <b>-0.12944162436548223</b>
        </Complex>
        <Complex>
          <a>-0.22081218274111675</a>
          <b>-0.14974619289340102</b>
        </Complex>
        <Complex>
          <a>-0.36802030456852791</a>
          <b>-0.19289340101522842</b>
        </Complex>
        <Complex>
          <a>-0.467005076142132</a>
          <b>-0.29441624365482233</b>
        </Complex>
        <Complex>
          <a>-0.434010152284264</a>
          <b>-0.2766497461928934</b>
        </Complex>
        <Complex>
          <a>-0.3629441624365482</a>
          <b>-0.2512690355329949</b>
        </Complex>
        <Complex>
          <a>-0.23604060913705585</a>
          <b>-0.2512690355329949</b>
        </Complex>
        <Complex>
          <a>-0.11421319796954314</a>
          <b>-0.26142131979695432</b>
        </Complex>
        <Complex>
          <a>-0.048223350253807105</a>
          <b>-0.25380710659898476</b>
        </Complex>
        <Complex>
          <a>-0.03553299492385787</a>
          <b>-0.19289340101522842</b>
        </Complex>
      </array>
      <SourceBoundingRect>
        <Location>
          <X>0</X>
          <Y>0</Y>
        </Location>
        <Size>
          <Width>0</Width>
          <Height>0</Height>
        </Size>
        <X>0</X>
        <Y>0</Y>
        <Width>0</Width>
        <Height>0</Height>
      </SourceBoundingRect>
    </autoCorr>
    <startPoint>
      <X>1470</X>
      <Y>1085</Y>
    </startPoint>
    <preferredAngleNoMore90>false</preferredAngleNoMore90>
    <autoCorrDescriptor1>42</autoCorrDescriptor1>
    <autoCorrDescriptor2>-7</autoCorrDescriptor2>
    <autoCorrDescriptor3>-4</autoCorrDescriptor3>
    <autoCorrDescriptor4>-19</autoCorrDescriptor4>
    <contourNorma>19.849433241279208</contourNorma>
    <sourceArea>236</sourceArea>
  </Template>
  <Template>
    <name>filler</name>
    <contour>
      <array>
        <Complex>
          <a>4</a>
          <b>-1</b>
        </Complex>
        <Complex>
          <a>1</a>
          <b>-4</b>
        </Complex>
        <Complex>
          <a>0</a>
          <b>-4</b>
        </Complex>
        <Complex>
          <a>-2</a>
          <b>-4</b>
        </Complex>
        <Complex>
          <a>-4</a>
          <b>-2</b>
        </Complex>
        <Complex>
          <a>-4</a>
          <b>-3</b>
        </Complex>
        <Complex>
          <a>-4</a>
          <b>-2</b>
        </Complex>
        <Complex>
          <a>2</a>
          <b>-3</b>
        </Complex>
        <Complex>
          <a>4</a>
          <b>-2</b>
        </Complex>
        <Complex>
          <a>4</a>
          <b>-2</b>
        </Complex>
        <Complex>
          <a>4</a>
          <b>-4</b>
        </Complex>
        <Complex>
          <a>0</a>
          <b>-4</b>
        </Complex>
        <Complex>
          <a>0</a>
          <b>-4</b>
        </Complex>
        <Complex>
          <a>-3</a>
          <b>-2</b>
        </Complex>
        <Complex>
          <a>-3</a>
          <b>0</b>
        </Complex>
        <Complex>
          <a>-4</a>
          <b>2</b>
        </Complex>
        <Complex>
          <a>-4</a>
          <b>3</b>
        </Complex>
        <Complex>
          <a>-4</a>
          <b>3</b>
        </Complex>
        <Complex>
          <a>-4</a>
          <b>2</b>
        </Complex>
        <Complex>
          <a>-4</a>
          <b>3</b>
        </Complex>
        <Complex>
          <a>-4</a>
          <b>3</b>
        </Complex>
        <Complex>
          <a>-2</a>
          <b>4</b>
        </Complex>
        <Complex>
          <a>1</a>
          <b>3</b>
        </Complex>
        <Complex>
          <a>3</a>
          <b>3</b>
        </Complex>
        <Complex>
          <a>4</a>
          <b>3</b>
        </Complex>
        <Complex>
          <a>4</a>
          <b>3</b>
        </Complex>
        <Complex>
          <a>4</a>
          <b>2</b>
        </Complex>
        <Complex>
          <a>4</a>
          <b>3</b>
        </Complex>
        <Complex>
          <a>4</a>
          <b>3</b>
        </Complex>
        <Complex>
          <a>3</a>
          <b>1</b>
        </Complex>
      </array>
      <SourceBoundingRect>
        <Location>
          <X>966</X>
          <Y>1084</Y>
        </Location>
        <Size>
          <Width>33</Width>
          <Height>43</Height>
        </Size>
        <X>966</X>
        <Y>1084</Y>
        <Width>33</Width>
        <Height>43</Height>
      </SourceBoundingRect>
    </contour>
    <autoCorr>
      <array>
        <Complex>
          <a>1</a>
          <b>0</b>
        </Complex>
        <Complex>
          <a>0.8716216216216216</a>
          <b>0.18243243243243243</b>
        </Complex>
        <Complex>
          <a>0.67060810810810811</a>
          <b>0.32432432432432434</b>
        </Complex>
        <Complex>
          <a>0.39527027027027029</a>
          <b>0.41891891891891891</b>
        </Complex>
        <Complex>
          <a>0.16216216216216217</a>
          <b>0.41891891891891891</b>
        </Complex>
        <Complex>
          <a>-0.0033783783783783786</a>
          <b>0.39020270270270269</b>
        </Complex>
        <Complex>
          <a>-0.13851351351351351</a>
          <b>0.34966216216216217</b>
        </Complex>
        <Complex>
          <a>-0.20608108108108109</a>
          <b>0.34628378378378377</b>
        </Complex>
        <Complex>
          <a>-0.27533783783783783</a>
          <b>0.38344594594594594</b>
        </Complex>
        <Complex>
          <a>-0.31756756756756754</a>
          <b>0.40709459459459457</b>
        </Complex>
        <Complex>
          <a>-0.34628378378378377</a>
          <b>0.41722972972972971</b>
        </Complex>
        <Complex>
          <a>-0.35304054054054052</a>
          <b>0.35641891891891891</b>
        </Complex>
        <Complex>
          <a>-0.32939189189189189</a>
          <b>0.28378378378378377</b>
        </Complex>
        <Complex>
          <a>-0.28716216216216217</a>
          <b>0.19594594594594594</b>
        </Complex>
        <Complex>
          <a>-0.23648648648648649</a>
          <b>0.10135135135135136</b>
        </Complex>
      </array>
      <SourceBoundingRect>
        <Location>
          <X>0</X>
          <Y>0</Y>
        </Location>
        <Size>
          <Width>0</Width>
          <Height>0</Height>
        </Size>
        <X>0</X>
        <Y>0</Y>
        <Width>0</Width>
        <Height>0</Height>
      </SourceBoundingRect>
    </autoCorr>
    <startPoint>
      <X>993</X>
      <Y>1085</Y>
    </startPoint>
    <preferredAngleNoMore90>false</preferredAngleNoMore90>
    <autoCorrDescriptor1>52</autoCorrDescriptor1>
    <autoCorrDescriptor2>-11</autoCorrDescriptor2>
    <autoCorrDescriptor3>-4</autoCorrDescriptor3>
    <autoCorrDescriptor4>-17</autoCorrDescriptor4>
    <contourNorma>24.331050121192877</contourNorma>
    <sourceArea>727</sourceArea>
  </Template>
  <Template>
    <name>filler</name>
    <contour>
      <array>
        <Complex>
          <a>4</a>
          <b>-2</b>
        </Complex>
        <Complex>
          <a>1</a>
          <b>-4</b>
        </Complex>
        <Complex>
          <a>-1</a>
          <b>-4</b>
        </Complex>
        <Complex>
          <a>-3</a>
          <b>-3</b>
        </Complex>
        <Complex>
          <a>-4</a>
          <b>-3</b>
        </Complex>
        <Complex>
          <a>-4</a>
          <b>-3</b>
        </Complex>
        <Complex>
          <a>-4</a>
          <b>-2</b>
        </Complex>
        <Complex>
          <a>3</a>
          <b>-2</b>
        </Complex>
        <Complex>
          <a>4</a>
          <b>-3</b>
        </Complex>
        <Complex>
          <a>4</a>
          <b>-3</b>
        </Complex>
        <Complex>
          <a>3</a>
          <b>-3</b>
        </Complex>
        <Complex>
          <a>2</a>
          <b>-4</b>
        </Complex>
        <Complex>
          <a>-1</a>
          <b>-4</b>
        </Complex>
        <Complex>
          <a>-4</a>
          <b>-1</b>
        </Complex>
        <Complex>
          <a>-4</a>
          <b>0</b>
        </Complex>
        <Complex>
          <a>-4</a>
          <b>3</b>
        </Complex>
        <Complex>
          <a>-4</a>
          <b>2</b>
        </Complex>
        <Complex>
          <a>-4</a>
          <b>3</b>
        </Complex>
        <Complex>
          <a>-4</a>
          <b>2</b>
        </Complex>
        <Complex>
          <a>-4</a>
          <b>3</b>
        </Complex>
        <Complex>
          <a>-4</a>
          <b>3</b>
        </Complex>
        <Complex>
          <a>-1</a>
          <b>4</b>
        </Complex>
        <Complex>
          <a>2</a>
          <b>4</b>
        </Complex>
        <Complex>
          <a>4</a>
          <b>3</b>
        </Complex>
        <Complex>
          <a>4</a>
          <b>3</b>
        </Complex>
        <Complex>
          <a>4</a>
          <b>2</b>
        </Complex>
        <Complex>
          <a>4</a>
          <b>3</b>
        </Complex>
        <Complex>
          <a>4</a>
          <b>3</b>
        </Complex>
        <Complex>
          <a>4</a>
          <b>2</b>
        </Complex>
        <Complex>
          <a>3</a>
          <b>1</b>
        </Complex>
      </array>
      <SourceBoundingRect>
        <Location>
          <X>766</X>
          <Y>1084</Y>
        </Location>
        <Size>
          <Width>35</Width>
          <Height>43</Height>
        </Size>
        <X>766</X>
        <Y>1084</Y>
        <Width>35</Width>
        <Height>43</Height>
      </SourceBoundingRect>
    </contour>
    <autoCorr>
      <array>
        <Complex>
          <a>1</a>
          <b>0</b>
        </Complex>
        <Complex>
          <a>0.8725806451612903</a>
          <b>0.20645161290322581</b>
        </Complex>
        <Complex>
          <a>0.66129032258064513</a>
          <b>0.33709677419354839</b>
        </Complex>
        <Complex>
          <a>0.39838709677419354</a>
          <b>0.39677419354838711</b>
        </Complex>
        <Complex>
          <a>0.16290322580645161</a>
          <b>0.41451612903225804</b>
        </Complex>
        <Complex>
          <a>-0.030645161290322579</a>
          <b>0.37903225806451613</b>
        </Complex>
        <Complex>
          <a>-0.15161290322580645</a>
          <b>0.34516129032258064</b>
        </Complex>
        <Complex>
          <a>-0.2032258064516129</a>
          <b>0.35322580645161289</b>
        </Complex>
        <Complex>
          <a>-0.27903225806451615</a>
          <b>0.38709677419354838</b>
        </Complex>
        <Complex>
          <a>-0.33225806451612905</a>
          <b>0.40806451612903227</b>
        </Complex>
        <Complex>
          <a>-0.36129032258064514</a>
          <b>0.37903225806451613</b>
        </Complex>
        <Complex>
          <a>-0.34677419354838712</a>
          <b>0.34677419354838712</b>
        </Complex>
        <Complex>
          <a>-0.317741935483871</a>
          <b>0.26935483870967741</b>
        </Complex>
        <Complex>
          <a>-0.27258064516129032</a>
          <b>0.18709677419354839</b>
        </Complex>
        <Complex>
          <a>-0.20645161290322581</a>
          <b>0.085483870967741932</b>
        </Complex>
      </array>
      <SourceBoundingRect>
        <Location>
          <X>0</X>
          <Y>0</Y>
        </Location>
        <Size>
          <Width>0</Width>
          <Height>0</Height>
        </Size>
        <X>0</X>
        <Y>0</Y>
        <Width>0</Width>
        <Height>0</Height>
      </SourceBoundingRect>
    </autoCorr>
    <startPoint>
      <X>795</X>
      <Y>1085</Y>
    </startPoint>
    <preferredAngleNoMore90>false</preferredAngleNoMore90>
    <autoCorrDescriptor1>51</autoCorrDescriptor1>
    <autoCorrDescriptor2>-12</autoCorrDescriptor2>
    <autoCorrDescriptor3>-3</autoCorrDescriptor3>
    <autoCorrDescriptor4>-17</autoCorrDescriptor4>
    <contourNorma>24.899799195977465</contourNorma>
    <sourceArea>751.5</sourceArea>
  </Template>
  <Template>
    <name>filler</name>
    <contour>
      <array>
        <Complex>
          <a>4</a>
          <b>0</b>
        </Complex>
        <Complex>
          <a>4</a>
          <b>-2</b>
        </Complex>
        <Complex>
          <a>2</a>
          <b>-4</b>
        </Complex>
        <Complex>
          <a>0</a>
          <b>-4</b>
        </Complex>
        <Complex>
          <a>-2</a>
          <b>-4</b>
        </Complex>
        <Complex>
          <a>-4</a>
          <b>-3</b>
        </Complex>
        <Complex>
          <a>-4</a>
          <b>-2</b>
        </Complex>
        <Complex>
          <a>1</a>
          <b>-2</b>
        </Complex>
        <Complex>
          <a>4</a>
          <b>-3</b>
        </Complex>
        <Complex>
          <a>3</a>
          <b>-4</b>
        </Complex>
        <Complex>
          <a>2</a>
          <b>-4</b>
        </Complex>
        <Complex>
          <a>-1</a>
          <b>-4</b>
        </Complex>
        <Complex>
          <a>-2</a>
          <b>-4</b>
        </Complex>
        <Complex>
          <a>-4</a>
          <b>-1</b>
        </Complex>
        <Complex>
          <a>-4</a>
          <b>0</b>
        </Complex>
        <Complex>
          <a>-4</a>
          <b>2</b>
        </Complex>
        <Complex>
          <a>-4</a>
          <b>2</b>
        </Complex>
        <Complex>
          <a>-4</a>
          <b>3</b>
        </Complex>
        <Complex>
          <a>-4</a>
          <b>2</b>
        </Complex>
        <Complex>
          <a>-4</a>
          <b>3</b>
        </Complex>
        <Complex>
          <a>-4</a>
          <b>3</b>
        </Complex>
        <Complex>
          <a>-1</a>
          <b>4</b>
        </Complex>
        <Complex>
          <a>0</a>
          <b>4</b>
        </Complex>
        <Complex>
          <a>3</a>
          <b>4</b>
        </Complex>
        <Complex>
          <a>4</a>
          <b>3</b>
        </Complex>
        <Complex>
          <a>4</a>
          <b>2</b>
        </Complex>
        <Complex>
          <a>4</a>
          <b>3</b>
        </Complex>
        <Complex>
          <a>4</a>
          <b>3</b>
        </Complex>
        <Complex>
          <a>4</a>
          <b>2</b>
        </Complex>
        <Complex>
          <a>3</a>
          <b>1</b>
        </Complex>
      </array>
      <SourceBoundingRect>
        <Location>
          <X>1070</X>
          <Y>896</Y>
        </Location>
        <Size>
          <Width>37</Width>
          <Height>43</Height>
        </Size>
        <X>1070</X>
        <Y>896</Y>
        <Width>37</Width>
        <Height>43</Height>
      </SourceBoundingRect>
    </contour>
    <autoCorr>
      <array>
        <Complex>
          <a>1</a>
          <b>0</b>
        </Complex>
        <Complex>
          <a>0.89666666666666661</a>
          <b>0.23</b>
        </Complex>
        <Complex>
          <a>0.70333333333333337</a>
          <b>0.39666666666666667</b>
        </Complex>
        <Complex>
          <a>0.47666666666666668</a>
          <b>0.475</b>
        </Complex>
        <Complex>
          <a>0.28833333333333333</a>
          <b>0.51166666666666671</b>
        </Complex>
        <Complex>
          <a>0.15166666666666667</a>
          <b>0.49666666666666665</b>
        </Complex>
        <Complex>
          <a>0.07</a>
          <b>0.51166666666666671</b>
        </Complex>
        <Complex>
          <a>-0.0066666666666666671</a>
          <b>0.56333333333333335</b>
        </Complex>
        <Complex>
          <a>-0.12833333333333333</a>
          <b>0.6283333333333333</b>
        </Complex>
        <Complex>
          <a>-0.265</a>
          <b>0.65166666666666662</b>
        </Complex>
        <Complex>
          <a>-0.40333333333333332</a>
          <b>0.62666666666666671</b>
        </Complex>
        <Complex>
          <a>-0.50666666666666671</a>
          <b>0.53333333333333333</b>
        </Complex>
        <Complex>
          <a>-0.54833333333333334</a>
          <b>0.375</b>
        </Complex>
        <Complex>
          <a>-0.52166666666666661</a>
          <b>0.22166666666666668</b>
        </Complex>
        <Complex>
          <a>-0.475</a>
          <b>0.098333333333333328</b>
        </Complex>
      </array>
      <SourceBoundingRect>
        <Location>
          <X>0</X>
          <Y>0</Y>
        </Location>
        <Size>
          <Width>0</Width>
          <Height>0</Height>
        </Size>
        <X>0</X>
        <Y>0</Y>
        <Width>0</Width>
        <Height>0</Height>
      </SourceBoundingRect>
    </autoCorr>
    <startPoint>
      <X>1096</X>
      <Y>897</Y>
    </startPoint>
    <preferredAngleNoMore90>false</preferredAngleNoMore90>
    <autoCorrDescriptor1>67</autoCorrDescriptor1>
    <autoCorrDescriptor2>-7</autoCorrDescriptor2>
    <autoCorrDescriptor3>0</autoCorrDescriptor3>
    <autoCorrDescriptor4>-15</autoCorrDescriptor4>
    <contourNorma>24.494897427831781</contourNorma>
    <sourceArea>981.5</sourceArea>
  </Template>
</ArrayOfTemplate>